City,Cloudiness,Country,Date,Humidity,Lat,Lon,Max Temp,Wind Speed
Netrakona,86,BD,1587423776,74,24.88,90.72,74.23,1.46
Rikitea,24,PF,1587423776,71,-23.12,-134.97,77.4,4.21
Tasiilaq,100,GL,1587423777,87,65.61,-37.64,34.07,2.1
Bredasdorp,100,ZA,1587423811,63,-34.53,20.04,61.07,0.5
Avarua,4,CK,1587423784,70,-21.21,-159.78,84.47,7.2
Lixouri,88,GR,1587423777,66,38.2,20.43,63.27,1.34
Ongandjera,24,NA,1587423811,33,-17.88,15.07,72.1,3.3
Provincia di Campobasso,100,IT,1587423721,95,41.63,14.58,58.26,1.4
Jamestown,1,US,1587423812,33,42.1,-79.24,47.26,5.1
Fort Abbas,91,PK,1587423812,39,29.19,72.85,77.72,2.53
Butaritari,95,KI,1587423812,78,3.07,172.79,82.89,6.12
Busselton,23,AU,1587423618,72,-33.65,115.33,60.28,4.94
Ribeira Grande,75,PT,1587423813,72,38.52,-28.7,62.87,9.3
Punta Arenas,40,CL,1587423813,81,-53.15,-70.92,48.47,11.8
Bluff,87,NZ,1587423813,80,-46.6,168.33,54.27,1.79
Eenhana,81,NA,1587423813,56,-17.47,16.33,73.67,2.6
East London,72,ZA,1587423813,70,-33.02,27.91,70.63,5.23
Albany,40,US,1587423531,25,42.6,-73.97,53.87,2.6
Mataura,93,NZ,1587423814,80,-46.19,168.86,54.27,1.79
Buin,62,CL,1587423814,22,-33.73,-70.75,80.87,0.44
Roebourne,93,AU,1587423814,57,-20.78,117.13,84.22,3.49
Ushuaia,75,AR,1587423661,75,-54.8,-68.3,44.87,15.9
Nuuk,18,GL,1587423815,47,64.18,-51.72,34.07,2.1
Harriston,64,CA,1587423815,57,43.9,-80.88,48.27,7.15
Bengkulu,49,ID,1587423618,78,-3.8,102.27,79.12,2.0
Canutama,93,BR,1587423815,93,-6.53,-64.38,75.67,0.94
Cherskiy,100,RU,1587423815,94,68.75,161.3,14.68,3.36
Pevek,100,RU,1587423816,93,69.7,170.31,9.19,3.53
Uruaçu,86,BR,1587423816,80,-14.52,-49.14,71.44,0.5
Zyryanka,95,RU,1587423816,87,65.75,150.85,21.38,2.16
Pangnirtung,90,CA,1587423816,92,66.15,-65.71,16.07,4.1
Djibouti,90,DJ,1587423816,94,11.5,42.5,79.07,5.7
Guerrero Negro,82,MX,1587423817,66,27.98,-114.06,64.69,9.82
Vestmannaeyjar,90,IS,1587423817,89,63.44,-20.27,47.25,12.8
Kaya,33,BF,1587423817,41,13.09,-1.08,88.03,3.4
Cornélio Procópio,4,BR,1587423619,57,-23.18,-50.65,75.47,1.37
Faanui,95,PF,1587423817,78,-16.48,-151.75,82.09,7.89
Nyurba,96,RU,1587423817,94,63.28,118.33,29.39,1.88
Tambopata,38,PE,1587423818,68,-12.73,-69.18,76.05,0.68
Roald,0,NO,1587423818,93,62.58,6.13,48.27,2.6
Hobart,20,AU,1587423620,71,-42.88,147.33,55.27,3.6
Upernavik,100,GL,1587423818,90,72.79,-56.15,29.08,1.35
Atuona,2,PF,1587423818,72,-9.8,-139.03,82.89,5.02
George Town,40,MY,1587423420,94,5.41,100.34,80.87,1.5
Airai,68,TL,1587423819,63,-8.93,125.41,67.5,1.54
Rawson,18,AR,1587423819,42,-43.3,-65.1,54.54,1.38
Tuktoyaktuk,90,CA,1587423819,78,69.45,-133.04,8.87,5.1
Batagay,98,RU,1587423819,90,67.63,134.63,18.55,1.46
Tiksi,95,RU,1587423526,95,71.69,128.87,23.02,1.28
Thompson,75,CA,1587423617,53,55.74,-97.86,21.47,6.2
Lebu,29,CL,1587423523,73,-37.62,-73.65,55.78,6.85
Geraldton,2,AU,1587423820,87,-28.77,114.6,53.87,4.6
Esperance,11,AU,1587423821,87,-33.87,121.9,55.67,4.1
Clyde River,75,CA,1587423821,77,70.47,-68.59,1.67,3.6
Vaini,75,TO,1587423821,78,-21.2,-175.2,82.67,4.6
Cape Town,75,ZA,1587423517,93,-33.93,18.42,60.28,1.5
Wuwei,81,CN,1587423821,33,37.93,102.64,44.28,0.19
São Miguel do Araguaia,32,BR,1587423633,85,-13.28,-50.16,73.35,0.35
Nong Han,11,TH,1587423822,65,17.36,103.11,86.27,0.93
Nago,90,JP,1587423822,82,26.59,127.98,68.27,2.1
Dikson,100,RU,1587423822,98,73.51,80.55,30.58,10.37
Hong Kong,20,HK,1587423597,83,22.29,114.16,77.27,2.6
Saint Paul Harbor,90,US,1587423822,87,57.79,-152.41,44.87,4.6
Kapaa,75,US,1587423822,69,22.08,-159.32,81.27,6.2
Bud,75,US,1587423823,67,39.45,-86.18,64.27,6.2
Kavieng,71,PG,1587423598,68,-2.57,150.8,85.1,1.94
Hilo,1,US,1587423823,54,19.73,-155.09,82.67,6.2
Port Hardy,75,CA,1587423617,81,50.7,-127.42,52.07,4.6
Rincon,75,US,1587423823,53,32.3,-81.24,77.27,6.2
Castro,1,BR,1587423579,62,-24.79,-50.01,56.73,1.17
Groves,1,US,1587423824,54,29.95,-93.92,84.47,2.6
Puerto Ayora,40,EC,1587423824,70,-0.74,-90.35,84.47,7.2
Hermanus,99,ZA,1587423824,99,-34.42,19.23,57.27,3.6
Lavrentiya,88,RU,1587423824,91,65.58,-171.0,19.09,3.18
Kāmāreddi,48,IN,1587423824,41,18.32,78.35,78.67,2.53
Kānker,10,IN,1587423825,41,20.27,81.49,78.39,2.12
Port Alfred,45,ZA,1587423671,91,-33.59,26.89,65.26,1.34
Margate,24,GB,1587423825,66,51.38,1.39,53.28,1.34
Tungor,100,RU,1587423825,98,53.38,142.96,30.83,9.42
Ucluelet,75,CA,1587423819,66,48.93,-125.55,59.27,3.6
New Norfolk,34,AU,1587423826,75,-42.78,147.06,55.27,0.89
Honningsvåg,40,NO,1587423638,69,70.98,25.97,39.47,11.8
Bereda,99,ES,1587423826,97,43.27,-7.54,52.27,4.02
Portland,20,US,1587423698,37,45.52,-122.68,72.27,2.6
Saskylakh,84,RU,1587423826,97,71.92,114.08,24.76,4.5
Severo-Kuril'sk,80,RU,1587423827,91,50.68,156.12,33.21,1.78
Nikolskoye,90,RU,1587423827,80,59.7,30.79,42.28,2.0
Henties Bay,74,NA,1587423827,86,-22.12,14.28,62.28,0.45
Narrabri,75,AU,1587423827,77,-30.32,149.78,63.27,1.12
Sept-Îles,20,CA,1587423827,37,50.2,-66.38,37.67,4.6
Napierville,2,CA,1587423828,32,45.19,-73.4,44.28,0.45
Kieta,60,PG,1587423828,67,-6.22,155.63,85.55,0.38
Te Anau,91,NZ,1587423828,64,-45.42,167.72,53.15,1.59
Kaitangata,86,NZ,1587423828,63,-46.28,169.85,54.27,2.24
Al Bardīyah,32,LY,1587423828,49,31.76,25.09,66.29,5.34
Cabo San Lucas,5,MX,1587423600,37,22.89,-109.91,82.67,7.7
Asău,31,RO,1587423829,52,46.43,26.4,41.27,1.5
Yellowknife,90,CA,1587423545,57,62.46,-114.35,23.27,4.1
São José da Coroa Grande,12,BR,1587423829,83,-8.9,-35.15,80.33,4.21
Bambous Virieux,40,MU,1587423830,83,-20.34,57.76,77.27,6.7
Kempsey,0,AU,1587423830,85,-31.08,152.83,62.28,1.34
Mossamedes,15,AO,1587423830,71,-15.2,12.15,76.14,2.0
Acapulco de Juárez,5,MX,1587423607,74,16.86,-99.89,82.67,5.1
Srebrenik,90,BA,1587423831,53,44.71,18.49,49.26,0.89
Port Elizabeth,20,ZA,1587423831,82,-33.92,25.57,64.67,6.7
Lichinga,12,MZ,1587423831,72,-13.31,35.24,56.12,1.17
Mar del Plata,100,AR,1587423831,77,-38.0,-57.56,64.67,3.1
Nelson Bay,93,AU,1587423543,59,-32.72,152.15,65.26,4.1
Bonavista,74,CA,1587423832,90,48.65,-53.11,34.93,6.04
Masuda,75,JP,1587423832,67,34.67,131.85,59.27,3.1
Sola,83,VU,1587423832,73,-13.88,167.55,82.38,1.35
Beira,0,MZ,1587423832,79,-19.84,34.84,72.46,2.86
Half Moon Bay,75,US,1587423833,71,37.46,-122.43,65.26,5.7
Baní,4,DO,1587423618,93,18.28,-70.33,83.26,2.68
Acaraú,60,BR,1587423833,87,-2.89,-40.12,78.08,2.53
Dicabisagan,98,PH,1587423833,75,17.08,122.42,81.68,3.01
Balabac,75,PH,1587423540,70,7.99,117.06,86.36,5.61
Mabaruma,86,GY,1587423834,85,8.2,-59.78,76.46,2.66
Beringovskiy,73,RU,1587423834,93,63.05,179.32,15.76,6.16
Sistranda,13,NO,1587423834,80,63.73,8.83,41.27,3.6
Torbay,75,CA,1587423834,64,47.67,-52.73,40.26,11.8
Kruisfontein,96,ZA,1587423834,76,-34.0,24.73,61.45,4.72
Manaus,75,BR,1587423615,88,-3.1,-60.02,77.27,2.6
Terney,100,RU,1587423835,86,45.05,136.61,40.71,1.69
Kitgum,90,UG,1587423835,70,3.28,32.89,66.79,0.95
Lagoa,97,PT,1587423835,72,39.05,-27.98,60.37,9.16
Carnarvon,75,AU,1587423835,56,-24.87,113.63,68.27,6.2
Allāpalli,35,IN,1587423836,53,19.42,80.07,81.93,2.57
Vila Velha,66,BR,1587423630,73,-20.33,-40.29,75.47,3.6
Fairbanks,90,US,1587423602,93,64.84,-147.72,44.28,2.1
Hammerfest,75,NO,1587423836,80,70.66,23.68,39.47,18.5
Graaff-Reinet,18,ZA,1587423836,73,-32.25,24.53,60.28,0.89
Dāmghān,15,IR,1587423837,33,36.17,54.35,59.16,1.38
Benevides,40,BR,1587423837,83,-1.36,-48.24,80.87,4.1
São João da Barra,1,BR,1587423837,86,-21.64,-41.05,70.92,4.0
Hihyā,82,EG,1587423837,59,30.67,31.59,66.47,6.2
Tazovsky,100,RU,1587423837,98,67.47,78.7,33.24,4.05
Umm Kaddadah,43,SD,1587423648,15,13.6,26.69,75.83,4.58
Klyuchi,5,RU,1587423838,51,52.27,79.17,54.57,2.19
Saldanha,100,ZA,1587423838,82,-33.01,17.94,61.07,1.0
Broome,1,US,1587423838,34,42.25,-75.83,51.28,2.6
Novobirilyussy,1,RU,1587423839,75,56.95,90.67,35.02,2.44
Chui,0,UY,1587423839,73,-33.7,-53.46,67.37,1.3
Saint-Philippe,75,RE,1587423839,73,-21.36,55.77,71.87,3.1
Lebanon,1,US,1587423839,32,36.21,-86.29,72.27,3.1
Quatre Cocos,40,MU,1587423839,83,-20.21,57.76,77.27,6.7
Mahébourg,40,MU,1587423839,83,-20.41,57.7,77.27,6.7
Qaanaaq,28,GL,1587423840,80,77.48,-69.36,6.75,2.57
Barrow,90,US,1587423616,91,71.29,-156.79,3.47,4.1
Ipinda,34,TZ,1587423840,66,-9.48,33.9,70.83,1.14
Dingle,99,PH,1587423840,74,11.0,122.67,83.68,4.22
Hasaki,75,JP,1587423841,100,35.73,140.83,55.27,1.0
Nouadhibou,0,MR,1587423841,68,20.93,-17.03,68.27,10.3
Cidreira,0,BR,1587423841,88,-30.18,-50.21,67.84,4.86
Adrar,0,MR,1587423841,16,20.5,-10.07,76.08,3.61
Souillac,40,MU,1587423842,83,-20.52,57.52,77.27,6.7
Arrondissement de Bastia,100,FR,1587423842,100,42.67,9.33,57.47,1.5
Ararat,56,AM,1587423607,76,39.83,44.7,53.87,2.1
Pisco,0,PE,1587423668,73,-13.7,-76.22,71.87,8.7
Birin,96,NP,1587423842,48,26.89,88.07,56.5,2.17
Moose Factory,90,CA,1587423843,69,51.26,-80.61,34.07,8.2
Carutapera,100,BR,1587423843,84,-1.2,-46.02,79.79,3.23
Norman Wells,75,CA,1587423843,90,65.28,-126.83,32.27,2.6
Hambantota,48,LK,1587423618,81,6.12,81.12,80.91,4.11
Agua Dulce,5,MX,1587423843,59,18.13,-94.13,89.87,5.1
Kungurtug,33,RU,1587423843,44,50.6,97.52,33.62,0.6
Senanga,25,ZM,1587423725,40,-16.12,23.27,61.45,2.26
Kushiro,75,JP,1587423844,100,42.98,144.37,43.07,2.1
Naryan-Mar,99,RU,1587423844,98,67.67,53.09,30.0,7.51
Lamar,1,US,1587423844,56,33.67,-95.58,75.27,1.5
Lata,35,PT,1587423844,90,40.16,-8.33,53.28,1.76
Bethel,1,US,1587423734,30,41.37,-73.41,54.27,1.27
Port Blair,2,IN,1587423845,72,11.67,92.75,83.77,2.05
Port Lincoln,14,AU,1587423845,62,-34.73,135.87,66.88,10.31
Lubango,4,AO,1587423845,53,-14.92,13.49,59.83,1.78
Laguna,40,US,1587423845,49,38.42,-121.42,69.28,3.1
Ancud,65,CL,1587423845,71,-41.87,-73.82,50.27,2.6
Yanam,50,IN,1587423846,84,16.73,82.22,79.56,2.61
Narsaq,61,GL,1587423784,40,60.92,-46.05,34.07,2.6
Nikšić,90,ME,1587423846,67,42.77,18.94,64.67,0.5
Ţahţā,57,EG,1587423846,29,26.77,31.5,75.47,3.6
Liwale,15,TZ,1587423846,81,-9.77,37.93,66.29,1.42
Evensk,83,RU,1587423847,85,61.95,159.23,21.22,2.22
Mauá,90,BR,1587423649,77,-23.67,-46.46,73.27,5.1
Cilegon,20,ID,1587423847,83,-6.02,106.05,80.87,1.0
Nong Phai,2,TH,1587423847,61,15.99,101.06,85.15,0.67
Bahía Blanca,48,AR,1587423848,59,-38.72,-62.27,56.86,4.18
Tres Picos,22,MX,1587423848,57,15.87,-93.53,85.14,2.14
Katsuura,75,JP,1587423848,87,35.13,140.3,56.26,1.0
Lorengau,13,PG,1587423666,67,-2.02,147.27,85.55,1.9
Aswān,29,EG,1587423848,24,24.09,32.91,74.1,4.67
Churapcha,56,RU,1587423848,88,62.0,132.43,21.16,0.97
Leningradskiy,1,RU,1587423849,90,69.38,178.42,14.05,4.5
Westport,1,US,1587423849,46,41.14,-73.36,54.27,3.1
Fortuna,68,US,1587423849,81,40.6,-124.16,55.27,0.89
Gushikawa,90,JP,1587423849,82,26.35,127.87,70.07,2.1
Hithadhoo,73,MV,1587423850,70,-0.6,73.08,84.85,3.66
Mount Gambier,90,AU,1587423850,87,-37.83,140.77,52.07,4.6
Alofi,40,NU,1587423850,69,-19.06,-169.92,82.67,5.1
Cairns,40,AU,1587423750,74,-16.92,145.77,82.67,5.1
Atasū,46,KZ,1587423850,39,48.68,71.64,52.23,4.37
Arman',0,RU,1587423652,81,59.7,150.17,18.25,0.69
Xinzhi,42,CN,1587423851,24,36.5,111.7,56.08,0.37
Soria,100,ES,1587423851,83,41.67,-2.67,49.26,0.88
Tautira,57,PF,1587423668,59,-17.73,-149.15,89.87,3.6
Meulaboh,58,ID,1587423851,83,4.14,96.13,79.48,2.01
San Patricio,5,MX,1587423852,74,19.22,-104.7,86.27,7.7
Kadayanallur,90,IN,1587423852,69,9.08,77.35,79.07,0.95
Sakata,75,JP,1587423852,71,38.92,139.85,55.67,5.7
Nhulunbuy,1,AU,1587423852,83,-12.23,136.77,82.67,1.5
Inta,74,RU,1587423852,96,66.03,60.17,32.14,5.06
Yeniseysk,9,RU,1587423852,77,58.45,92.17,35.15,2.92
Lakes Entrance,30,AU,1587423853,95,-37.88,147.98,48.27,0.89
Anadyr,9,RU,1587423853,85,64.75,177.48,12.47,2.0
Trzcianka,0,PL,1587423853,77,53.04,16.46,38.01,3.18
Lodja,47,CD,1587423853,83,-3.48,23.43,69.3,0.38
Gēdo,97,ET,1587423853,23,9.02,37.45,58.24,1.08
Kula,100,TR,1587423853,44,38.55,28.65,64.27,11.62
Malé,94,MV,1587423854,72,4.17,73.51,85.42,3.46
Şebinkarahisar,100,TR,1587423854,53,40.29,38.42,44.74,0.96
Vardø,40,NO,1587423783,80,70.37,31.11,35.87,6.7
Richards Bay,1,ZA,1587423854,88,-28.78,32.04,70.68,5.35
Erzin,41,TR,1587423854,72,36.96,36.2,67.26,0.33
Praia,20,CV,1587423621,73,14.92,-23.51,71.87,8.2
Xining,100,CN,1587423855,34,36.62,101.77,37.22,2.02
Vila Franca do Campo,20,PT,1587423705,67,37.72,-25.43,59.27,3.1
Mogadishu,100,SO,1587423855,78,2.04,45.34,83.25,4.38
Bamboo,30,JM,1587423855,72,18.39,-77.26,86.27,0.89
Ukiah,75,US,1587423855,55,39.15,-123.21,62.87,3.1
Itarema,59,BR,1587423856,86,-2.92,-39.92,78.67,2.72
Areosa,20,PT,1587423856,93,41.72,-8.86,56.26,1.79
Petropavlovsk-Kamchatskiy,58,RU,1587423850,29,53.05,158.65,35.87,4.0
Raton,20,US,1587423856,25,36.9,-104.44,64.67,5.1
Sambava,94,MG,1587423856,88,-14.27,50.17,72.63,3.84
Montepuez,2,MZ,1587423857,85,-13.13,39.0,65.61,2.02
Birjand,40,IR,1587423857,51,32.87,59.22,59.27,5.1
Olsztyn,6,PL,1587423857,88,53.78,20.49,35.01,1.95
Shiloh,75,US,1587423857,32,38.56,-89.9,70.07,3.1
Turan,20,VN,1587423738,94,16.07,108.22,79.07,2.1
Majene,59,ID,1587423725,79,-3.54,118.97,81.84,1.95
Médéa,20,DZ,1587423858,67,36.26,2.75,61.07,4.1
Ust'-Kan,0,RU,1587423858,44,50.93,84.76,39.85,0.99
Fukuechō,100,JP,1587423858,49,32.69,128.84,57.47,8.98
Ponta do Sol,20,PT,1587423858,55,32.67,-17.1,62.87,2.1
Elbistan,71,TR,1587423859,40,38.21,37.2,53.51,1.18
Diplo,0,PK,1587423859,68,24.47,69.58,77.18,3.88
‘Āhuimanu,75,US,1587423859,54,21.44,-157.84,84.47,4.6
Mitsamiouli,41,KM,1587423859,68,-11.38,43.28,83.16,1.1
Salalah,75,OM,1587423859,74,17.02,54.09,82.67,3.6
Sakaiminato,75,JP,1587423860,62,35.55,133.23,55.67,6.7
Tsiroanomandidy,95,MG,1587423860,70,-18.77,46.03,64.26,1.36
Ternate,79,ID,1587423860,70,0.8,127.4,84.22,0.25
Columbia,20,US,1587423805,46,34.0,-81.03,70.07,2.1
Chokurdakh,100,RU,1587423861,97,70.63,147.92,22.51,2.7
Jatiroto,78,ID,1587423861,83,-7.88,111.12,77.23,0.73
Tuatapere,99,NZ,1587423861,80,-46.13,167.68,54.27,1.79
Pathein,1,MM,1587423861,88,16.78,94.73,78.49,3.12
Ginda,53,IN,1587423861,24,30.69,78.49,48.27,3.09
Cayenne,100,GF,1587423861,100,4.93,-52.33,73.67,2.01
Codrington,93,AU,1587423862,67,-38.27,141.97,58.91,8.24
Buala,64,SB,1587423862,74,-8.14,159.59,84.7,2.95
Talnakh,90,RU,1587423862,94,69.49,88.4,32.27,10.0
Ixtapa,5,MX,1587423862,73,20.7,-105.2,78.28,5.1
Bosaso,88,SO,1587423862,70,11.28,49.18,84.36,1.38
Amapá,100,BR,1587423862,94,1.0,-52.0,72.91,1.25
Tilichiki,71,RU,1587423863,92,60.47,166.1,19.69,4.43
Korla,77,CN,1587423863,42,41.76,86.15,61.27,3.13
Strelka,26,RU,1587423863,74,58.07,93.03,35.35,4.21
Ponta Delgada,20,PT,1587423674,67,37.73,-25.67,59.27,3.1
Arraial do Cabo,20,BR,1587423863,94,-22.97,-42.03,73.67,3.1
Brae,0,GB,1587423863,93,60.4,-1.35,43.07,8.7
Puerto Parra,31,CO,1587423864,79,6.65,-74.06,80.01,0.67
Provideniya,64,RU,1587423864,73,64.38,-173.3,21.47,4.0
Eyl,45,SO,1587423726,77,7.98,49.82,83.26,5.21
Puerto Escondido,5,MX,1587423864,74,15.85,-97.07,82.67,5.1
Vanavara,0,RU,1587423864,82,60.34,102.28,31.46,1.25
Jajce,100,BA,1587423865,57,44.34,17.27,52.07,1.5
Pozo Colorado,0,PY,1587423865,41,-23.49,-58.8,74.32,0.88
Aktash,2,RU,1587423865,42,50.3,87.73,28.85,0.79
Stavropol,75,RU,1587423865,93,45.04,41.97,39.47,6.0
Ballina,68,AU,1587423865,77,-28.87,153.57,68.27,2.6
Lüderitz,3,NA,1587423866,77,-26.65,15.16,62.87,4.1
Necochea,97,AR,1587423866,73,-38.55,-58.74,60.28,3.58
Praia da Vitória,20,PT,1587423866,72,38.73,-27.07,59.27,7.64
Auxerre,80,FR,1587423751,65,47.8,3.57,52.27,3.6
Deputatsky,100,RU,1587423599,91,69.3,139.9,16.09,2.13
Béboto,40,TD,1587423867,57,8.27,16.94,79.14,1.66
Kakonko,98,TZ,1587423867,63,-3.28,30.96,63.19,0.75
Pangody,91,RU,1587423867,97,65.85,74.49,31.95,3.81
Araouane,0,ML,1587423867,14,18.9,-3.53,79.88,3.92
Labuhan,37,ID,1587423867,81,-6.88,112.21,82.2,3.18
Nachingwea,13,TZ,1587423726,84,-10.38,38.77,67.15,1.03
Bealanana,65,MG,1587423868,66,-14.55,48.73,58.8,2.13
Severodvinsk,75,RU,1587423868,95,64.56,39.83,34.07,2.0
Sakakah,87,SA,1587423616,49,29.97,40.21,70.07,2.52
Marawi,27,PH,1587423868,63,8.0,124.29,77.67,0.41
Liverpool,0,GB,1587423856,66,53.41,-2.98,47.26,2.68
Srīvardhan,35,IN,1587423869,57,18.03,73.02,80.69,0.89
Sosnovo-Ozerskoye,38,RU,1587423869,64,52.52,111.54,21.47,4.51
Locri,56,IT,1587423869,21,38.24,16.26,63.27,3.43
Domoni,56,KM,1587423869,72,-12.26,44.53,82.4,3.66
Kūstī,44,SD,1587423870,15,13.16,32.66,75.54,4.25
Zasosna,14,RU,1587423870,77,50.63,38.4,37.99,5.96
La Asuncion,60,VE,1587423870,62,11.03,-63.86,86.27,8.7
Dormidontovka,100,RU,1587423870,91,47.77,134.91,36.57,5.94
Province of Trapani,75,IT,1587423871,93,37.83,12.67,67.26,9.3
College,90,US,1587423871,86,64.86,-147.8,44.28,1.5
Derzhavīnsk,100,KZ,1587423871,44,51.1,66.32,58.21,2.41
Hof,0,DE,1587423871,52,50.32,11.92,44.28,6.71
Dhārchula,98,IN,1587423871,28,29.85,80.53,55.78,3.16
Barjora,100,IN,1587423872,89,23.43,87.28,78.33,1.4
Klaksvík,0,FO,1587423872,93,62.23,-6.59,41.27,3.1
Polunochnoye,99,RU,1587423872,85,60.87,60.42,33.55,0.54
Kuminskiy,97,RU,1587423872,89,58.67,66.57,42.22,2.34
Santa Maria,0,BR,1587423873,56,-29.68,-53.81,71.87,1.23
Río Gallegos,100,AR,1587423873,53,-51.62,-69.22,52.07,15.4
Lincoln,11,US,1587423633,26,40.8,-96.67,69.28,4.02
Kodinsk,73,RU,1587423873,88,58.69,99.18,30.6,1.32
Alihe,100,CN,1587423873,91,50.57,123.72,25.14,6.09
Najrān,75,SA,1587423874,100,17.49,44.13,62.87,5.1
Aseri,93,EE,1587423874,87,59.45,26.87,40.68,2.88
Vieques,40,PR,1587423874,69,18.43,-65.83,84.47,6.2
Los Llanos de Aridane,75,ES,1587423874,72,28.66,-17.92,68.27,9.3
Waingapu,38,ID,1587423874,78,-9.66,120.26,82.31,4.31
Opuwo,17,NA,1587423874,40,-18.06,13.84,69.26,2.05
Arcata,75,US,1587423773,71,40.87,-124.08,56.26,4.6
Lanzhou,97,CN,1587423875,34,36.06,103.79,47.26,1.58
Ovalle,90,CL,1587423875,71,-30.6,-71.2,61.07,0.87
Tanout,0,NE,1587423875,12,14.97,8.89,81.54,2.56
Constitución,42,CL,1587423875,56,-35.33,-72.42,61.09,4.34
Touros,40,BR,1587423876,88,-5.2,-35.46,79.07,3.1
Saint Anthony,40,US,1587423876,46,45.02,-93.22,53.87,11.3
Sur,41,OM,1587423816,46,22.57,59.53,84.81,2.41
Muyezerskiy,99,RU,1587423876,96,63.93,31.65,30.16,2.15
Yangi Marg`ilon,2,UZ,1587423876,47,40.43,71.72,59.27,3.1
Staraya Kulatka,100,RU,1587423877,91,52.72,47.62,46.8,3.63
Swan Hill,0,AU,1587423877,44,-35.34,143.55,62.64,2.0
Coyhaique,20,CL,1587423877,70,-45.58,-72.07,44.87,1.5
Winnemucca,90,US,1587423877,22,40.97,-117.74,64.67,1.5
Cap Malheureux,23,MU,1587423850,83,-19.98,57.61,75.27,4.47
Khāsh,60,IR,1587423878,33,28.22,61.22,67.12,1.45
Aklavik,75,CA,1587423585,66,68.22,-135.01,14.27,4.6
Singaraja,100,ID,1587423877,73,-8.11,115.09,82.63,1.61
Mehamn,40,NO,1587423878,69,71.04,27.85,39.47,11.8
Bakurianis Andeziti,100,GE,1587423879,58,41.73,43.47,40.59,1.26
Kermanshah,40,IR,1587423771,81,34.31,47.06,52.07,2.1
Bubaque,0,GW,1587423879,70,11.28,-15.83,78.89,6.65
Porosozero,100,RU,1587423879,91,62.72,32.73,35.37,2.13
Marsh Harbour,100,BS,1587423603,77,26.54,-77.06,82.04,9.81
Yokadouma,99,CM,1587423880,83,3.52,15.05,70.34,0.66
Srednekolymsk,95,RU,1587423880,95,67.45,153.68,18.72,4.86
Puerto Madryn,25,AR,1587423869,40,-42.77,-65.04,53.8,2.96
Chimbote,0,PE,1587423881,82,-9.09,-78.58,69.82,3.12
Coquimbo,75,CL,1587423881,87,-29.95,-71.34,61.07,3.1
Rundu,62,NA,1587423881,59,-17.93,19.77,64.67,1.5
Rozavlea,4,RO,1587423881,48,47.73,24.22,43.07,2.1
Zhezkazgan,89,KZ,1587423881,34,47.8,67.71,56.17,2.43
Vao,18,NC,1587423882,80,-22.67,167.48,76.41,6.23
Hofn,87,IS,1587423882,84,64.25,-15.21,46.11,1.36
Svetlaya,100,RU,1587423882,91,46.54,138.33,36.05,11.17
Santa Vitória do Palmar,0,BR,1587423607,70,-33.52,-53.37,68.05,1.69
Southaven,20,US,1587423754,49,34.99,-90.01,73.27,4.1
Kupang,40,ID,1587423882,94,-10.17,123.58,77.27,2.1
Mandalgovi,0,MN,1587423883,50,45.76,106.27,21.43,5.86
Pearl,75,US,1587423883,56,32.27,-90.13,74.26,2.6
Jinxi,56,CN,1587423883,77,30.43,116.29,60.82,4.16
Kuusamo,91,FI,1587423883,55,65.97,29.18,35.87,1.5
Rome,1,US,1587423612,36,43.21,-75.46,49.26,4.6
Amalāpuram,59,IN,1587423884,91,16.58,82.02,77.02,1.17
Mayo,1,US,1587423884,71,38.89,-76.51,61.27,4.1
Mareeba,61,AU,1587423884,82,-17.0,145.43,80.28,2.24
Kosice,0,SK,1587423884,42,48.67,21.33,44.87,5.1
Eureka,75,US,1587423884,71,40.8,-124.16,56.26,4.6
Port Hedland,86,AU,1587423885,94,-20.32,118.57,77.27,2.6
Grand Gaube,23,MU,1587423875,83,-20.01,57.66,75.27,4.47
Batagay-Alyta,100,RU,1587423885,88,67.8,130.41,24.8,1.05
Mackay,90,AU,1587423885,94,-21.15,149.2,77.27,2.6
Tura,100,IN,1587423730,76,25.52,90.22,70.0,0.8
Kodīnar,0,IN,1587423886,66,20.79,70.7,78.37,5.38
Huanren,7,CN,1587423886,56,41.26,125.37,35.37,8.17
Zhigansk,46,RU,1587423886,95,66.77,123.37,23.11,3.56
Muzhi,77,RU,1587423861,94,65.37,64.67,33.17,2.38
Bara,99,NG,1587423887,33,10.37,10.73,86.81,3.08
Pacific Grove,75,US,1587423887,63,36.62,-121.92,61.07,5.1
Grants,1,US,1587423887,14,35.15,-107.85,68.27,7.2
Laguna de Perlas,20,NI,1587423642,74,12.34,-83.67,84.47,2.1
Balotra,0,IN,1587423887,32,25.83,72.23,82.02,1.61
Khatanga,100,RU,1587423888,96,71.97,102.5,27.63,2.05
Shelburne,75,CA,1587423888,32,44.08,-80.2,52.07,4.6
Vallenar,0,CL,1587423888,59,-28.57,-70.76,63.16,0.52
Marsá Maţrūḩ,92,EG,1587423888,82,31.35,27.25,61.07,4.1
Nelspruit,0,ZA,1587423771,82,-25.47,30.97,61.07,1.0
Bousso,43,TD,1587423889,38,10.48,16.71,84.83,2.07
Sørland,97,NO,1587423889,92,67.67,12.69,41.47,7.57
Dobre Miasto,0,PL,1587423889,87,53.99,20.4,35.2,2.06
Sitka,90,US,1587423889,93,57.05,-135.33,44.87,4.1
Shumikha,74,RU,1587423889,88,55.23,63.3,44.78,1.24
Taoudenni,0,ML,1587423681,16,22.68,-3.98,80.26,3.27
Le Vauclin,20,MQ,1587423890,69,14.55,-60.84,80.87,5.1
Botro,20,CI,1587423890,83,7.85,-5.31,77.27,2.1
Ylöjärvi,80,FI,1587423890,87,61.56,23.6,39.47,1.5
Atbasar,100,KZ,1587423890,48,51.8,68.33,56.89,1.56
Assiniboia,52,CA,1587423890,38,49.63,-105.98,50.0,3.03
Caravelas,20,BR,1587423620,80,-17.71,-39.25,76.06,5.66
Rochegda,14,RU,1587423891,97,62.8,43.25,28.11,1.23
Buraidah,75,SA,1587423891,100,26.33,43.98,64.67,5.7
Ouésso,78,CG,1587423891,80,1.61,16.05,73.11,0.89
Dunda,56,TZ,1587423891,66,-8.12,34.25,63.3,0.76
Vaitape,95,PF,1587423892,78,-16.52,-151.75,82.94,7.88
Conchas,10,BR,1587423892,76,-23.02,-48.01,63.9,4.39
Kayerkan,90,RU,1587423892,92,69.35,87.76,32.27,10.0
Belaya Gora,100,RU,1587423892,95,68.53,146.42,20.12,3.75
Riyadh,90,SA,1587423611,82,24.69,46.72,64.67,2.6
Morayfield,28,AU,1587423892,64,-27.12,152.95,73.27,0.94
Province of Mantua,100,IT,1587423893,51,45.17,10.78,59.27,4.6
Grand-Santi,100,GF,1587423875,95,4.25,-54.38,73.02,0.67
Kahului,40,US,1587423893,48,20.89,-156.47,84.47,5.7
Phu Ly,84,VN,1587423893,91,20.54,105.91,77.76,1.72
Molina,67,CL,1587423893,35,-35.12,-71.28,71.87,3.6
Baghdad,1,IQ,1587423685,40,33.34,44.4,70.07,1.0
San Cristobal,79,VE,1587423894,63,7.77,-72.22,70.84,0.41
Bo Rai,57,TH,1587423894,83,12.57,102.54,80.42,0.34
Coahuayana Viejo,20,MX,1587423894,65,18.73,-103.68,82.67,7.7
Sibolga,5,ID,1587423894,75,1.74,98.78,77.88,1.57
Careiro da Várzea,75,BR,1587423895,88,-3.2,-59.81,77.27,2.6
Umeå,0,SE,1587423895,87,63.83,20.26,39.27,3.1
Humaitá,95,BR,1587423895,95,-7.51,-63.02,75.87,0.89
Paola,66,IT,1587423895,97,39.36,16.04,54.27,5.87
Lisala,69,CD,1587423895,86,2.15,21.52,71.69,0.04
Sennar,22,SD,1587423896,14,13.57,33.57,76.14,4.51
Ndjolé,100,GA,1587423896,89,-0.18,10.76,72.64,0.38
Dunedin,92,NZ,1587423896,57,-45.87,170.5,59.27,2.68
Kabo,9,CF,1587423896,67,7.7,18.63,76.42,2.11
Haines Junction,100,CA,1587423896,56,60.75,-137.51,42.26,4.15
Makakilo City,1,US,1587423897,65,21.35,-158.09,80.87,4.1
Goba,100,ET,1587423897,41,7.02,39.98,52.11,2.63
Sal Rei,75,CV,1587423897,77,16.18,-22.92,70.07,6.7
Gazojak,0,TM,1587423897,22,41.19,61.4,68.76,1.97
Puerto Ayacucho,40,VE,1587423897,66,5.66,-67.62,84.47,1.5
Saint-Augustin,83,CA,1587423898,98,51.23,-58.65,30.65,3.43
Saint George,1,US,1587423663,25,37.1,-113.58,74.26,1.5
Taganak,20,PH,1587423898,94,6.08,118.3,79.07,2.1
Bar Harbor,1,US,1587423898,24,44.39,-68.2,46.67,5.1
Skjervøy,100,NO,1587423899,94,70.03,20.97,39.36,7.5
Savannah Bight,0,HN,1587423899,83,16.45,-85.85,82.08,9.27
Manali,40,IN,1587423899,83,13.17,80.27,84.27,1.0
Champerico,75,GT,1587423609,74,14.3,-91.92,82.67,4.1
Aykhal,0,RU,1587423899,83,66.0,111.5,27.84,2.91
Paliseul,27,BE,1587423899,47,49.9,5.14,53.28,2.24
Hīt,23,IQ,1587423621,27,33.64,42.83,76.37,3.2
Nalgonda,49,IN,1587423900,52,17.05,79.27,78.06,2.33
Achutupo,16,PA,1587423900,83,9.2,-77.98,80.37,2.75
Tezu,89,IN,1587423900,58,27.92,96.17,68.36,1.28
Iskateley,99,RU,1587423900,98,67.68,53.15,29.86,7.53
Yarke Pole,15,UA,1587423901,67,45.61,34.32,42.22,3.41
The Valley,20,AI,1587423901,65,18.22,-63.06,82.67,6.2
Tomohon,40,ID,1587423901,100,1.33,124.84,75.47,0.22
Uyuni,24,BO,1587423901,11,-20.46,-66.83,52.63,1.55
Kirillov,8,RU,1587423901,97,59.86,38.38,30.74,1.67
Umba,100,RU,1587423902,95,66.69,34.34,32.02,4.82
Goundam,10,ML,1587423902,13,16.41,-3.67,85.28,4.79
Trairi,85,BR,1587423902,83,-3.28,-39.27,79.84,2.37
Terrace,75,CA,1587423902,62,54.52,-128.6,53.87,7.7
Cañete,40,CL,1587423902,69,-37.8,-73.4,55.76,4.61
Prince Rupert,90,CA,1587423777,76,54.32,-130.32,48.47,2.1
Tucupita,67,VE,1587423903,73,9.06,-62.05,79.0,2.72
Cuiluan,100,CN,1587423903,85,47.72,128.65,31.89,1.64
Fort Nelson,75,CA,1587423622,41,58.81,-122.7,66.47,4.09
Ahipara,100,NZ,1587423903,90,-35.17,173.17,64.29,1.29
Boussé,34,BF,1587423904,62,12.66,-1.89,84.47,1.5
Ust-Tsilma,30,RU,1587423904,97,65.44,52.15,30.09,3.08
Bad Hersfeld,0,DE,1587423904,40,50.87,9.7,52.07,5.1
Oktyabr'skoye,100,RU,1587423904,76,43.06,44.74,48.47,4.0
Bathsheba,75,BB,1587423905,83,13.22,-59.52,79.07,2.6
Dunmore East,0,IE,1587423905,75,52.15,-6.99,50.27,5.1
Malindi,93,KE,1587423905,81,-3.22,40.12,80.46,5.71
Lodwar,98,KE,1587423905,56,3.12,35.6,81.48,1.92
Paka,77,MY,1587423905,88,4.64,103.44,80.87,1.15
Manyana,10,BW,1587423906,27,-23.4,21.72,66.07,2.36
Vestmanna,0,FO,1587423906,93,62.16,-7.17,41.27,3.1
Leh,99,IN,1587423906,20,34.17,77.58,31.19,0.23
Khoy,10,IR,1587423906,36,38.55,44.95,55.18,1.4
Takhtamygda,100,RU,1587423906,75,54.1,123.57,24.3,7.25
Avera,75,US,1587423907,64,33.19,-82.53,71.87,1.5
Mīrābād,86,AF,1587423907,32,30.44,61.84,75.51,2.15
Auki,59,SB,1587423907,70,-8.77,160.7,84.94,2.67
Arrondissement de Tarbes,95,FR,1587423907,93,43.25,0.17,53.87,0.43
Kumul,27,CN,1587423907,21,42.8,93.45,56.77,2.34
Manadhoo,96,MV,1587423908,68,5.77,73.38,86.16,2.64
Am Timan,80,TD,1587423908,15,11.03,20.28,80.78,1.04
Kropotkin,37,RU,1587423908,92,45.44,40.58,40.42,2.72
Myitkyina,75,MM,1587423908,58,25.38,97.4,74.34,1.59
Thongwa,0,MM,1587423909,94,16.76,96.53,79.07,3.1
Vorotynsk,1,RU,1587423909,86,54.43,36.05,34.07,4.0
Santa Fe,0,AR,1587423824,70,-31.63,-60.7,78.28,1.81
Olmos,55,PE,1587423909,57,-5.98,-79.75,78.17,3.02
Prince George,1,CA,1587423618,31,53.92,-122.75,66.27,6.2
Lompoc,1,US,1587423909,59,34.64,-120.46,64.27,7.7
Sandakan,20,MY,1587423837,94,5.84,118.12,79.07,2.1
Wattegama,25,LK,1587423910,86,6.8,81.48,76.12,1.31
Hobyo,99,SO,1587423910,74,5.35,48.53,84.07,4.54
Buchanan,75,LR,1587423622,88,5.88,-10.05,77.27,1.5
Darłowo,0,PL,1587423910,58,54.42,16.41,45.27,3.54
Chernigovka,100,RU,1587423911,86,44.34,132.57,33.91,3.99
Dwārka,0,IN,1587423911,84,22.24,68.97,80.6,6.22
Salinas,75,US,1587423771,63,36.68,-121.66,62.28,5.1
Ketchikan,90,US,1587423885,87,55.34,-131.65,46.67,7.7
Kirakira,31,SB,1587423911,67,-10.45,161.92,86.05,1.55
Zhuangyuan,35,CN,1587423912,44,37.3,120.83,45.73,10.1
Japura,24,ID,1587423912,86,-0.32,102.35,76.68,0.59
Bam,92,IR,1587423912,30,29.11,58.36,73.44,0.7
Sobolevo,22,RU,1587423912,88,54.43,31.9,32.92,3.27
Ojinaga,1,MX,1587423912,10,29.57,-104.42,88.07,1.5
Seoul,1,KR,1587423680,66,37.57,126.98,48.47,5.93
Khovd,22,MN,1587423913,33,48.01,91.64,39.99,0.32
Nanortalik,86,GL,1587423913,88,60.14,-45.24,31.64,1.74
Zhangzhou,90,CN,1587423913,83,24.51,117.66,70.07,1.0
Stepnyak,100,KZ,1587423914,53,52.83,70.78,56.05,3.85
Sinop Province,100,TR,1587423914,77,41.77,34.87,45.39,0.37
Isoka,24,ZM,1587423914,68,-10.16,32.63,59.4,0.87
Port-Gentil,20,GA,1587423914,94,-0.72,8.78,79.07,1.5
Chaumont,99,FR,1587423914,48,48.12,5.13,56.26,6.12
Nizhniy Odes,0,RU,1587423915,97,63.64,54.86,29.86,1.59
Punta Alta,64,AR,1587423915,58,-38.88,-62.07,58.87,5.06
Cotonou,20,BJ,1587423915,79,6.37,2.42,84.47,4.1
Lom Sak,23,TH,1587423915,62,16.78,101.24,84.27,0.74
Pantelhó,75,MX,1587423915,32,16.93,-92.55,95.27,3.1
Broken Hill,100,AU,1587423915,58,-31.95,141.43,57.47,2.1
Saint-Pierre,75,RE,1587423916,73,-21.34,55.48,71.87,3.1
Ciudad Darío,40,NI,1587423916,29,12.73,-86.12,91.67,3.03
Kavaratti,99,IN,1587423916,69,10.57,72.64,85.26,2.17
Paita,59,PE,1587423916,68,-5.09,-81.11,75.88,7.61
Mana,100,GF,1587423916,89,5.66,-53.78,77.36,2.81
Atambua,41,ID,1587423917,72,-9.11,124.89,79.65,1.45
Amuntai,65,ID,1587423917,85,-2.42,115.25,80.08,0.31
Puerto Nariño,75,CO,1587423917,83,-3.77,-70.38,82.67,0.17
Bridgewater,100,CA,1587423843,52,44.38,-64.52,46.27,2.67
Kiruna,0,SE,1587423918,74,67.86,20.23,35.87,2.1
Havre-St-Pierre,75,CA,1587423918,92,50.23,-63.6,34.07,5.7
Chuchkovo,97,RU,1587423918,76,54.27,41.45,38.46,7.04
Olafsvik,100,IS,1587423918,87,64.89,-23.71,45.73,7.54
Afuá,100,BR,1587423918,91,-0.16,-50.39,75.47,2.31
Breves,75,BR,1587423918,95,-1.68,-50.48,75.18,0.69
Puerto Madero,75,MX,1587423919,62,14.72,-92.42,88.07,2.6
Kattivākkam,40,IN,1587423919,83,13.22,80.32,84.27,1.0
Mataram,75,ID,1587423919,100,-8.58,116.12,75.47,2.62
Aloleng,81,PH,1587423919,71,16.13,119.78,84.69,2.35
